file,name,owned,capture,row_y_display,col
owned-01.png,토란,True,2,1158,1
owned-02.png,베라,True,2,1158,2
owned-03.png,휴윈,True,2,1158,3
owned-04.png,브루투스,True,2,1158,4
owned-05.png,루몬트,True,2,1158,5
owned-06.png,에이론,True,2,1158,6
owned-07.png,세시아,True,2,1400,1
owned-08.png,루보미르,True,2,1400,2
owned-09.png,데이먼,True,2,1400,3
owned-10.png,인듀어,True,2,1400,4
owned-11.png,페르세우스,True,2,1400,5
owned-12.png,귀네스,True,2,1400,6
owned-13.png,보라시아,True,3,1252,1
owned-14.png,에린도르,True,3,1252,2
owned-15.png,카세디아,True,3,1252,3
owned-16.png,캐롤라이나,True,3,1252,4
owned-17.png,로완,True,3,1252,5
owned-18.png,스모키와 미르키,True,3,1252,6
owned-19.png,샤키르,True,3,1494,1
owned-20.png,딜그레이,True,3,1494,2
unowned-01.png,이고르,False,1,915,1
unowned-02.png,다프니 할머니,False,1,915,2
unowned-03.png,라이스,False,1,915,3
unowned-04.png,아탈란테,False,1,915,4
unowned-05.png,브라이언,False,1,915,5
unowned-06.png,테미히아,False,1,915,6
unowned-07.png,프라벨,False,1,1158,1
unowned-08.png,아르사,False,1,1158,2
unowned-09.png,타시,False,1,1158,3
unowned-10.png,칼라,False,1,1158,4
unowned-11.png,소니아,False,1,1158,5
unowned-12.png,나라,False,1,1158,6
unowned-13.png,호드킨,False,1,1400,1
unowned-14.png,로잔,False,1,1400,2
unowned-15.png,판,False,1,1400,3
unowned-16.png,메이,False,1,1400,4
unowned-17.png,잔드록,False,1,1400,5
unowned-18.png,사리에,False,1,1400,6
unowned-19.png,나페이,False,2,915,1
unowned-20.png,피파,False,2,915,2
unowned-21.png,헤플러,False,2,915,3
unowned-22.png,조르아,False,2,915,4
unowned-23.png,페기,False,2,915,5
unowned-24.png,오리안,False,2,915,6
