"id","source","left","top","width","height","sourceSha256"
"perseus","codex-clipboard-96950323-dc06-4599-86eb-7f6fbecc7777.png","43","226","114","162","1659785722993DE087F5C0FA84C15F809180B2955E496E0DD33E36FD6C29A633"
"dilgrey","codex-clipboard-cf9a85bf-3b95-481e-a2b1-c9201c2b1c2a.png","97","225","114","162","97F33FE8D17C2B1767BE7A488E7AC7133F5D2EF987AC867AEE34B7FD1B08DC9C"
"borasia","codex-clipboard-c31cd35b-9eb4-46e7-988a-ace8c0efac3e.png","174","225","114","162","EEAA16238746C4EE609C84641437A90E23DBB5494E736BA3B5BEA46CD896BB63"
"cassadia","codex-clipboard-7edb3a69-8d30-4f10-963b-ad9a9e4a885d.png","43","440","114","163","1A765EA72BF706533FAF31433BAD77AABBF3DB96187908EE0964B3B42F5D1EC4"
"kazim","codex-clipboard-bb7a0a14-e170-4e11-98e3-ab0d524e399d.png","97","468","114","162","AD312699C9006926DC89C92B4BF68AAD8130F2239FC12E88CCFB41AE7773F61F"
"smokey_mirky","codex-clipboard-bf79bae7-5136-48f2-a04c-174c62b73bdb.png","174","438","114","163","75C2EEC55B0D5B75A54252BD612B1144DD6FD97FA21A2562EC48685600A94C13"
"mei","codex-clipboard-251f63e5-a8e9-4c94-8804-072e0d8f852a.png","43","682","114","163","086391595CA94A8E2478694F29B4E0061F8D1BFC211BBE1680A1C34AA6DF6B4A"
"lubomir","codex-clipboard-add83160-e84f-4eb0-8845-4130db9b331d.png","97","682","114","163","BBAE641B8CB558D3CEB9504BBD086745B0CABA71215E9968DA6B45BC21FBB961"
"florabelle","codex-clipboard-118c53e6-22b8-493e-a8c5-9f507f2adca1.png","174","682","114","163","72155E69B4BDEC34FAF02EE49A6E3ED71B7E71738512722EEA50172984EFBCE5"
